{
  "30s": {
    "auc": 0.7194780853517877,
    "ci": [
      0.6802809359037733,
      0.7499711649365628
    ],
    "n": 331,
    "npos": 42
  },
  "90s-naive": {
    "auc": 0.5851458230350964,
    "ci": [
      0.5400519031141869,
      0.6409993409128357
    ],
    "n": 331,
    "npos": 42
  },
  "90s-fixed": {
    "auc": 0.5844496622178283,
    "ci": [
      0.5379510627780525,
      0.6312118965233152
    ],
    "n": 331,
    "npos": 42
  },
  "90s-no-alternans": {
    "auc": 0.5736468116658429,
    "ci": [
      0.523356401384083,
      0.618816938540122
    ],
    "n": 331,
    "npos": 42
  }
}