{
  "30": {
    "win_sec": 30,
    "nwin": 3453,
    "auc": 0.6134670231729056,
    "ci": [
      0.5553743315508022,
      0.6583422459893048
    ],
    "sens": 0.7113636363420801,
    "spec": 0.4516176470561669,
    "n": 203,
    "npos": 33
  }
}