{
  "30s": {
    "auc": 0.7194780853517877,
    "ci": [
      0.6802809359037733,
      0.7499711649365628
    ],
    "sens": 0.6440476190322847,
    "spec": 0.64221453286975,
    "n": 331,
    "npos": 42
  },
  "90s": {
    "auc": 0.5851458230350964,
    "ci": [
      0.5400519031141869,
      0.6409993409128357
    ],
    "sens": 0.5315476190349632,
    "spec": 0.5891868512090339,
    "n": 331,
    "npos": 42
  },
  "n_anchors": 8983
}