{
  "baseline_auc": 0.7558167613636364,
  "our_auc": 0.7558167613636364,
  "n": 304,
  "npos": 40
}