{
  "30": {
    "win_sec": 30,
    "nwin": 13074,
    "auc": 0.5254228070175438,
    "ci": [
      0.48097894736842106,
      0.558178947368421
    ],
    "sens": 0.64099999998718,
    "spec": 0.39657894736702953,
    "n": 335,
    "npos": 50
  }
}