{
  "CO": {
    "n": 131,
    "median": 5.099999904632568,
    "spearman": 0.44021571829974776,
    "r2": 0.0904251531923077,
    "low_cut": 4.0,
    "n_low": 33,
    "auc_low": 0.8021026592455164,
    "auc_median": 0.7329757462686567
  },
  "CI": {
    "n": 131,
    "median": 3.200000047683716,
    "spearman": 0.19874949351347368,
    "r2": -0.043019335787214175,
    "low_cut": 2.5,
    "n_low": 27,
    "auc_low": 0.6260683760683761,
    "auc_median": 0.5967213114754099
  }
}