{
  "2a": {
    "no-filter": {
      "auc": 0.7554285037878788,
      "ci": [
        0.7233806818181818,
        0.7758522727272728
      ],
      "n": 304,
      "npos": 40,
      "windows": 8854
    },
    "quality>0.7": {
      "auc": 0.7554095643939395,
      "ci": [
        0.723096590909091,
        0.776751893939394
      ],
      "n": 304,
      "npos": 40,
      "windows": 8852
    },
    "windows_kept_frac": 0.9997741133950757
  },
  "2b": {
    "expanded": {
      "auc": 0.5444706180344479,
      "ci": [
        0.48918946301925026,
        0.5831550151975684
      ],
      "sens": 0.5297619047492914,
      "spec": 0.497319148935747,
      "n": 1217,
      "npos": 42
    },
    "n_total": 1217,
    "n_new": 918,
    "n_overlap": 299,
    "added-cases-only": {
      "auc": 0.5443640665606454,
      "ci": [
        0.4992300531399092,
        0.6026647531127574
      ],
      "n": 918,
      "npos": 29
    },
    "overlap-with-304": {
      "auc": 0.5007934373318988,
      "ci": [
        0.4296395911780528,
        0.580392684238838
      ],
      "n": 299,
      "npos": 13
    }
  }
}