{
  "all4+h": {
    "auc30": 0.7159993409128357,
    "auc90": 0.58638985005767
  },
  "no-alternans(+h)": {
    "auc30": 0.6837617399901138,
    "auc90": 0.5806118525841709
  },
  "alternans-only": {
    "auc30": 0.6030249354643816,
    "auc90": 0.4724652606140495
  },
  "upstroke-only": {
    "auc30": 0.657951612017356,
    "auc90": 0.6245894436205855
  },
  "upstroke+ac+pvi+h": {
    "auc30": 0.6837617399901138,
    "auc90": 0.5806118525841709
  }
}