{
  "8": {
    "win_sec": 8,
    "n_with_window": 304,
    "auc_fixed304": 0.670139678030303,
    "ci_fixed304": [
      0.6382339015151516,
      0.691624053030303
    ],
    "auc_avail": 0.670139678030303,
    "n_avail": 304
  },
  "10": {
    "win_sec": 10,
    "n_with_window": 304,
    "auc_fixed304": 0.6494483901515151,
    "ci_fixed304": [
      0.6184232954545456,
      0.6857907196969697
    ],
    "auc_avail": 0.6494483901515151,
    "n_avail": 304
  },
  "15": {
    "win_sec": 15,
    "n_with_window": 304,
    "auc_fixed304": 0.6877154356060606,
    "ci_fixed304": [
      0.6528835227272727,
      0.7173484848484849
    ],
    "auc_avail": 0.6877154356060606,
    "n_avail": 304
  },
  "20": {
    "win_sec": 20,
    "n_with_window": 304,
    "auc_fixed304": 0.6624928977272727,
    "ci_fixed304": [
      0.6285748106060606,
      0.7049242424242425
    ],
    "auc_avail": 0.6624928977272727,
    "n_avail": 304
  },
  "25": {
    "win_sec": 25,
    "n_with_window": 304,
    "auc_fixed304": 0.723375946969697,
    "ci_fixed304": [
      0.6898153409090909,
      0.7612073863636363
    ],
    "auc_avail": 0.723375946969697,
    "n_avail": 304
  },
  "30": {
    "win_sec": 30,
    "n_with_window": 304,
    "auc_fixed304": 0.7558167613636364,
    "ci_fixed304": [
      0.7255397727272727,
      0.7789962121212122
    ],
    "auc_avail": 0.7558167613636364,
    "n_avail": 304
  },
  "40": {
    "win_sec": 40,
    "n_with_window": 205,
    "auc_fixed304": 0.567639678030303,
    "ci_fixed304": [
      0.5232930871212121,
      0.6041548295454545
    ],
    "auc_avail": 0.6342529711375212,
    "n_avail": 205
  },
  "45": {
    "win_sec": 45,
    "n_with_window": 205,
    "auc_fixed304": 0.5914559659090909,
    "ci_fixed304": [
      0.5480752840909091,
      0.6266714015151515
    ],
    "auc_avail": 0.6738398415393322,
    "n_avail": 205
  },
  "60": {
    "win_sec": 60,
    "n_with_window": 205,
    "auc_fixed304": 0.6020501893939394,
    "ci_fixed304": [
      0.5658499053030304,
      0.6356226325757577
    ],
    "auc_avail": 0.7073853989813242,
    "n_avail": 205
  },
  "90": {
    "win_sec": 90,
    "n_with_window": 155,
    "auc_fixed304": 0.5201645359848485,
    "ci_fixed304": [
      0.4808333333333333,
      0.5587026515151515
    ],
    "auc_avail": 0.556060606060606,
    "n_avail": 155
  },
  "120": {
    "win_sec": 120,
    "n_with_window": 129,
    "auc_fixed304": 0.4708546401515152,
    "ci_fixed304": [
      0.4258925189393939,
      0.5129285037878788
    ],
    "auc_avail": 0.5538865546218488,
    "n_avail": 129
  }
}