{
  "8": {
    "win_sec": 8,
    "nwin": 8990,
    "auc": 0.6028739158893799,
    "ci": [
      0.5684421534936999,
      0.6450008181966945
    ],
    "sens": 0.44166666665615073,
    "spec": 0.6758591065268871,
    "n": 333,
    "npos": 42
  },
  "10": {
    "win_sec": 10,
    "nwin": 8993,
    "auc": 0.6313878215836952,
    "ci": [
      0.5855245573003676,
      0.6799323421316404
    ],
    "sens": 0.5414634146209399,
    "spec": 0.6385273972580873,
    "n": 333,
    "npos": 41
  },
  "15": {
    "win_sec": 15,
    "nwin": 9002,
    "auc": 0.6466442532576011,
    "ci": [
      0.6126962913464751,
      0.6852405613097228
    ],
    "sens": 0.5975609755951814,
    "spec": 0.5707191780802373,
    "n": 333,
    "npos": 41
  },
  "20": {
    "win_sec": 20,
    "nwin": 9007,
    "auc": 0.6264826261276312,
    "ci": [
      0.5952514199799531,
      0.6647761443367858
    ],
    "sens": 0.6170731707166568,
    "spec": 0.5330479452036541,
    "n": 333,
    "npos": 41
  },
  "25": {
    "win_sec": 25,
    "nwin": 9015,
    "auc": 0.6673843133979285,
    "ci": [
      0.6406239558970933,
      0.7009731039091213
    ],
    "sens": 0.542073170718486,
    "spec": 0.6609589041073256,
    "n": 333,
    "npos": 41
  },
  "30": {
    "win_sec": 30,
    "nwin": 9020,
    "auc": 0.7155866470299459,
    "ci": [
      0.679573719522173,
      0.7571714940271641
    ],
    "sens": 0.6398809523657171,
    "spec": 0.642096219929065,
    "n": 333,
    "npos": 42
  },
  "40": {
    "win_sec": 40,
    "nwin": 5129,
    "auc": 0.5230623920552677,
    "ci": [
      0.4477007772020726,
      0.5935449050086354
    ],
    "sens": 0.37916666665086807,
    "spec": 0.6607512953333641,
    "n": 217,
    "npos": 24
  },
  "50": {
    "win_sec": 50,
    "nwin": 5133,
    "auc": 0.5376822916666667,
    "ci": [
      0.48992708333333335,
      0.5722083333333333
    ],
    "sens": 0.37199999998511996,
    "spec": 0.7276041666628771,
    "n": 217,
    "npos": 25
  },
  "60": {
    "win_sec": 60,
    "nwin": 5134,
    "auc": 0.5676458333333333,
    "ci": [
      0.5121145833333334,
      0.61484375
    ],
    "sens": 0.43699999998252004,
    "spec": 0.6575520833299086,
    "n": 217,
    "npos": 25
  },
  "90": {
    "win_sec": 90,
    "nwin": 3600,
    "auc": 0.5731309523809524,
    "ci": [
      0.4898333333333333,
      0.666904761904762
    ],
    "sens": 0.6535714285247449,
    "spec": 0.4118333333305878,
    "n": 164,
    "npos": 14
  },
  "120": {
    "win_sec": 120,
    "nwin": 2731,
    "auc": 0.5252522068095838,
    "ci": [
      0.4407313997477932,
      0.5990857503152586
    ],
    "sens": 0.6019230768767752,
    "spec": 0.44323770491439973,
    "n": 135,
    "npos": 13
  }
}