{
  "PPG-only (no height)": {
    "spearman": 0.14843291491282976,
    "auc_low": 0.6614100185528757
  },
  "height-only": {
    "spearman": 0.4211036456763494,
    "auc_low": 0.7557204700061844
  },
  "full (PPG+height)": {
    "spearman": 0.44021571829974776,
    "auc_low": 0.8021026592455164
  }
}