{
  "co": {
    "n": 131,
    "median": 5.099999904632568,
    "spearman": 0.44021571829974776,
    "cut": 4.0,
    "n_pos": 33,
    "auc_clin": 0.8021026592455164,
    "auc_median": 0.7329757462686567,
    "auc_ppg_only": 0.6614100185528757,
    "auc_height_only": 0.7557204700061844
  },
  "ci": {
    "n": 131,
    "median": 3.200000047683716,
    "spearman": 0.19874949351347368,
    "cut": 2.5,
    "n_pos": 27,
    "auc_clin": 0.6260683760683761,
    "auc_median": 0.5967213114754099
  },
  "sv": {
    "n": 131,
    "median": 66.0,
    "spearman": 0.41836812769332565,
    "cut": 60.0,
    "n_pos": 52,
    "auc_clin": 0.7366114897760466,
    "auc_median": 0.7455648926237162,
    "auc_ppg_only": 0.44401168451801365,
    "auc_height_only": 0.7740993184031159
  },
  "svv": {
    "n": 131,
    "median": 6.0,
    "spearman": 0.16156224305995523,
    "cut": 13.0,
    "n_pos": 4,
    "auc_clin": 0.4744094488188976,
    "auc_median": 0.589615931721195
  },
  "svri": {
    "n": 65,
    "median": 1729.0,
    "spearman": 0.2549634502277446,
    "cut": 1970.0,
    "n_pos": 38,
    "auc_clin": 0.6442495126705653,
    "auc_median": 0.6609848484848485
  },
  "art_mbp_n": {
    "n": 304,
    "median": 86.0,
    "spearman": -0.02171235659085206,
    "cut": 65.0,
    "n_pos": 10,
    "auc_clin": 0.5268707482993198,
    "auc_median": 0.4897260273972603
  }
}