{
  "A baseline feats + baseline label": {
    "auc": 0.7558167613636364,
    "ci": [
      0.7255397727272727,
      0.7789962121212122
    ],
    "n": 304,
    "npos": 40
  },
  "B PPGqual feats + baseline label": {
    "auc": 0.5013778409090909,
    "ci": [
      0.4598058712121212,
      0.5397774621212121
    ],
    "n": 304,
    "npos": 40
  },
  "C baseline feats + whole-record label": {
    "auc": 0.44260044642857144,
    "ci": [
      0.3791145833333333,
      0.4872098214285714
    ],
    "n": 304,
    "npos": 24
  },
  "D PPGqual feats + whole-record label": {
    "auc": 0.47429687499999995,
    "ci": [
      0.40714285714285714,
      0.5311755952380952
    ],
    "n": 304,
    "npos": 24
  }
}